Country,Year,Cumulative CO2 emissions
Africa,1750,0
Africa,1751,0
Africa,1752,0
Africa,1753,0
Africa,1754,0
Africa,1755,0
Africa,1756,0
Africa,1757,0
Africa,1758,0
Africa,1759,0
Africa,1760,0
Africa,1761,0
Africa,1762,0
Africa,1763,0
Africa,1764,0
Africa,1765,0
Africa,1766,0
Africa,1767,0
Africa,1768,0
Africa,1769,0
Africa,1770,0
Africa,1771,0
Africa,1772,0
Africa,1773,0
Africa,1774,0
Africa,1775,0
Africa,1776,0
Africa,1777,0
Africa,1778,0
Africa,1779,0
Africa,1780,0
Africa,1781,0
Africa,1782,0
Africa,1783,0
Africa,1784,0
Africa,1785,0
Africa,1786,0
Africa,1787,0
Africa,1788,0
Africa,1789,0
Africa,1790,0
Africa,1791,0
Africa,1792,0
Africa,1793,0
Africa,1794,0
Africa,1795,0
Africa,1796,0
Africa,1797,0
Africa,1798,0
Africa,1799,0
Africa,1800,0
Africa,1801,0
Africa,1802,0
Africa,1803,0
Africa,1804,0
Africa,1805,0
Africa,1806,0
Africa,1807,0
Africa,1808,0
Africa,1809,0
Africa,1810,0
Africa,1811,0
Africa,1812,0
Africa,1813,0
Africa,1814,0
Africa,1815,0
Africa,1816,0
Africa,1817,0
Africa,1818,0
Africa,1819,0
Africa,1820,0
Africa,1821,0
Africa,1822,0
Africa,1823,0
Africa,1824,0
Africa,1825,0
Africa,1826,0
Africa,1827,0
Africa,1828,0
Africa,1829,0
Africa,1830,0
Africa,1831,0
Africa,1832,0
Africa,1833,0
Africa,1834,0
Africa,1835,0
Africa,1836,0
Africa,1837,0
Africa,1838,0
Africa,1839,0
Africa,1840,0
Africa,1841,0
Africa,1842,0
Africa,1843,0
Africa,1844,0
Africa,1845,0
Africa,1846,0
Africa,1847,0
Africa,1848,0
Africa,1849,0
Africa,1850,0
Africa,1851,0
Africa,1852,0
Africa,1853,0
Africa,1854,0
Africa,1855,0
Africa,1856,0
Africa,1857,0
Africa,1858,0
Africa,1859,0
Africa,1860,0
Africa,1861,0
Africa,1862,0
Africa,1863,0
Africa,1864,0
Africa,1865,0
Africa,1866,0
Africa,1867,0
Africa,1868,0
Africa,1869,0
Africa,1870,0
Africa,1871,0
Africa,1872,0
Africa,1873,0
Africa,1874,0
Africa,1875,0
Africa,1876,0
Africa,1877,0
Africa,1878,0
Africa,1879,0
Africa,1880,0
Africa,1881,0
Africa,1882,0
Africa,1883,0
Africa,1884,21984
Africa,1885,58624
Africa,1886,106256
Africa,1887,153888
Africa,1888,234496
Africa,1889,366400
Africa,1890,663184
Africa,1891,959968
Africa,1892,1439952
Africa,1893,3238976
Africa,1894,5671872
Africa,1895,9009776
Africa,1896,13267344
Africa,1897,18045200
Africa,1898,24094464
Africa,1899,29612448
Africa,1900,31942752
Africa,1901,35852240
Africa,1902,41678000
Africa,1903,49573920
Africa,1904,58484770
Africa,1905,68747630
Africa,1906,80465100
Africa,1907,93395360
Africa,1908,106798270
Africa,1909,122183410
Africa,1910,139594740
Africa,1911,156460130
Africa,1912,174413730
Africa,1913,194019790
Africa,1914,213570900
Africa,1915,233176960
Africa,1916,256432370
Africa,1917,281776260
Africa,1918,306500930
Africa,1919,331943740
Africa,1920,359995330
Africa,1921,387980960
Africa,1922,411950850
Africa,1923,440995400
Africa,1924,471626430
Africa,1925,503811000
Africa,1926,538248960
Africa,1927,572089600
Africa,1928,606859970
Africa,1929,642661570
Africa,1930,676357250
Africa,1931,705820900
Africa,1932,732443700
Africa,1933,760934850
Africa,1934,793474100
Africa,1935,829383700
Africa,1936,868399600
Africa,1937,910243900
Africa,1938,954257000
Africa,1939,1001109950
Africa,1940,1050759200
Africa,1941,1104782600
Africa,1942,1163605500
Africa,1943,1223725000
Africa,1944,1290358000
Africa,1945,1357885200
Africa,1946,1426044500
Africa,1947,1493979400
Africa,1948,1565712500
Africa,1949,1643036000
Africa,1950,1736488200
Africa,1951,1836350200
Africa,1952,1945232600
Africa,1953,2056028700
Africa,1954,2172185600
Africa,1955,2300244000
Africa,1956,2433753300
Africa,1957,2573706500
Africa,1958,2722011000
Africa,1959,2869921800
Africa,1960,3026562300
Africa,1961,3188640800
Africa,1962,3355067400
Africa,1963,3531516000
Africa,1964,3725279700
Africa,1965,3939064300
Africa,1966,4160326000
Africa,1967,4397583400
Africa,1968,4655184000
Africa,1969,4933323300
Africa,1970,5236266000
Africa,1971,5568470000
Africa,1972,5920708600
Africa,1973,6299130000
Africa,1974,6687994400
Africa,1975,7075823600
Africa,1976,7496680400
Africa,1977,7930524700
Africa,1978,8393791500
Africa,1979,8893783000
Africa,1980,9430273000
Africa,1981,9979639000
Africa,1982,10552216000
Africa,1983,11147629000
Africa,1984,11797883000
Africa,1985,12464539000
Africa,1986,13155209000
Africa,1987,13845972000
Africa,1988,14571979000
Africa,1989,15271158000
Africa,1990,15930455000
Africa,1991,16619409000
Africa,1992,17288016000
Africa,1993,17996757000
Africa,1994,18716221000
Africa,1995,19488104000
Africa,1996,20271436000
Africa,1997,21084041000
Africa,1998,21921886000
Africa,1999,22752297000
Africa,2000,23638700000
Africa,2001,24522700000
Africa,2002,25415258000
Africa,2003,26382428000
Africa,2004,27419066000
Africa,2005,28476426000
Africa,2006,29566573000
Africa,2007,30698858000
Africa,2008,31880034000
Africa,2009,33051814000
Africa,2010,34266563000
Africa,2011,35517870000
Africa,2012,36777406000
Africa,2013,38046300000
Africa,2014,39396390000
Africa,2015,40720146000
Africa,2016,42083607000
Africa,2017,43463094000
Africa,2018,44829508000
Africa,2019,46296998000
Africa,2020,47682888000
Africa,2021,49133683000
Asia (excl. China and India),1750,0
Asia (excl. China and India),1751,0
Asia (excl. China and India),1752,0
Asia (excl. China and India),1753,0
Asia (excl. China and India),1754,0
Asia (excl. China and India),1755,0
Asia (excl. China and India),1756,0
Asia (excl. China and India),1757,0
Asia (excl. China and India),1758,0
Asia (excl. China and India),1759,0
Asia (excl. China and India),1760,0
Asia (excl. China and India),1761,0
Asia (excl. China and India),1762,0
Asia (excl. China and India),1763,0
Asia (excl. China and India),1764,0
Asia (excl. China and India),1765,0
Asia (excl. China and India),1766,0
Asia (excl. China and India),1767,0
Asia (excl. China and India),1768,0
Asia (excl. China and India),1769,0
Asia (excl. China and India),1770,0
Asia (excl. China and India),1771,0
Asia (excl. China and India),1772,0
Asia (excl. China and India),1773,0
Asia (excl. China and India),1774,0
Asia (excl. China and India),1775,0
Asia (excl. China and India),1776,0
Asia (excl. China and India),1777,0
Asia (excl. China and India),1778,0
Asia (excl. China and India),1779,0
Asia (excl. China and India),1780,0
Asia (excl. China and India),1781,0
Asia (excl. China and India),1782,0
Asia (excl. China and India),1783,0
Asia (excl. China and India),1784,0
Asia (excl. China and India),1785,0
Asia (excl. China and India),1786,0
Asia (excl. China and India),1787,0
Asia (excl. China and India),1788,0
Asia (excl. China and India),1789,0
Asia (excl. China and India),1790,0
Asia (excl. China and India),1791,0
Asia (excl. China and India),1792,0
Asia (excl. China and India),1793,0
Asia (excl. China and India),1794,0
Asia (excl. China and India),1795,0
Asia (excl. China and India),1796,0
Asia (excl. China and India),1797,0
Asia (excl. China and India),1798,0
Asia (excl. China and India),1799,0
Asia (excl. China and India),1800,0
Asia (excl. China and India),1801,0
Asia (excl. China and India),1802,0
Asia (excl. China and India),1803,0
Asia (excl. China and India),1804,0
Asia (excl. China and India),1805,0
Asia (excl. China and India),1806,0
Asia (excl. China and India),1807,0
Asia (excl. China and India),1808,0
Asia (excl. China and India),1809,0
Asia (excl. China and India),1810,0
Asia (excl. China and India),1811,0
Asia (excl. China and India),1812,0
Asia (excl. China and India),1813,0
Asia (excl. China and India),1814,0
Asia (excl. China and India),1815,0
Asia (excl. China and India),1816,0
Asia (excl. China and India),1817,0
Asia (excl. China and India),1818,0
Asia (excl. China and India),1819,0
Asia (excl. China and India),1820,0
Asia (excl. China and India),1821,0
Asia (excl. China and India),1822,0
Asia (excl. China and India),1823,0
Asia (excl. China and India),1824,0
Asia (excl. China and India),1825,0
Asia (excl. China and India),1826,0
Asia (excl. China and India),1827,0
Asia (excl. China and India),1828,0
Asia (excl. China and India),1829,0
Asia (excl. China and India),1830,2371
Asia (excl. China and India),1831,5217
Asia (excl. China and India),1832,7113
Asia (excl. China and India),1833,9484
Asia (excl. China and India),1834,9484
Asia (excl. China and India),1835,9484
Asia (excl. China and India),1836,9484
Asia (excl. China and India),1837,9484
Asia (excl. China and India),1838,9484
Asia (excl. China and India),1839,9484
Asia (excl. China and India),1840,9484
Asia (excl. China and India),1841,9484
Asia (excl. China and India),1842,9484
Asia (excl. China and India),1843,9484
Asia (excl. China and India),1844,9484
Asia (excl. China and India),1845,9484
Asia (excl. China and India),1846,9484
Asia (excl. China and India),1847,9484
Asia (excl. China and India),1848,9484
Asia (excl. China and India),1849,9484
Asia (excl. China and India),1850,24191
Asia (excl. China and India),1851,24191
Asia (excl. China and India),1852,24191
Asia (excl. China and India),1853,24191
Asia (excl. China and India),1854,24191
Asia (excl. China and India),1855,68786
Asia (excl. China and India),1856,68786
Asia (excl. China and India),1857,68786
Asia (excl. China and India),1858,131409
Asia (excl. China and India),1859,197827
Asia (excl. China and India),1860,285594
Asia (excl. China and India),1861,397082
Asia (excl. China and India),1862,497657
Asia (excl. China and India),1863,602978
Asia (excl. China and India),1864,721107
Asia (excl. China and India),1865,984240
Asia (excl. China and India),1866,1549846
Asia (excl. China and India),1867,2186434
Asia (excl. China and India),1868,2713926
Asia (excl. China and India),1869,3461797
Asia (excl. China and India),1870,4139124
Asia (excl. China and India),1871,5039616
Asia (excl. China and India),1872,6013092
Asia (excl. China and India),1873,6943874
Asia (excl. China and India),1874,8578388
Asia (excl. China and India),1875,11281432
Asia (excl. China and India),1876,14091019
Asia (excl. China and India),1877,16982476
Asia (excl. China and India),1878,20675328
Asia (excl. China and India),1879,24664034
Asia (excl. China and India),1880,28968416
Asia (excl. China and India),1881,33479500
Asia (excl. China and India),1882,38162196
Asia (excl. China and India),1883,43328556
Asia (excl. China and India),1884,48790170
Asia (excl. China and India),1885,54869944
Asia (excl. China and India),1886,61212570
Asia (excl. China and India),1887,68684820
Asia (excl. China and India),1888,76993816
Asia (excl. China and India),1889,86756210
Asia (excl. China and India),1890,97413080
Asia (excl. China and India),1891,109846456
Asia (excl. China and India),1892,122876420
Asia (excl. China and India),1893,137750140
Asia (excl. China and India),1894,154885360
Asia (excl. China and India),1895,174159420
Asia (excl. China and India),1896,194586110
Asia (excl. China and India),1897,216825310
Asia (excl. China and India),1898,244194860
Asia (excl. China and India),1899,272794900
Asia (excl. China and India),1900,304874500
Asia (excl. China and India),1901,342064700
Asia (excl. China and India),1902,379961250
Asia (excl. China and India),1903,420226600
Asia (excl. China and India),1904,465578700
Asia (excl. China and India),1905,511656100
Asia (excl. China and India),1906,562394430
Asia (excl. China and India),1907,617931700
Asia (excl. China and India),1908,676279550
Asia (excl. China and India),1909,737097200
Asia (excl. China and India),1910,799383940
Asia (excl. China and India),1911,867735740
Asia (excl. China and India),1912,941965060
Asia (excl. China and India),1913,1023615550
Asia (excl. China and India),1914,1108077200
Asia (excl. China and India),1915,1186177000
Asia (excl. China and India),1916,1272433300
Asia (excl. China and India),1917,1367388400
Asia (excl. China and India),1918,1460160500
Asia (excl. China and India),1919,1562750200
Asia (excl. China and India),1920,1663035100
Asia (excl. China and India),1921,1758566800
Asia (excl. China and India),1922,1862973700
Asia (excl. China and India),1923,1977697900
Asia (excl. China and India),1924,2101508500
Asia (excl. China and India),1925,2230918100
Asia (excl. China and India),1926,2366136000
Asia (excl. China and India),1927,2515250000
Asia (excl. China and India),1928,2675996000
Asia (excl. China and India),1929,2844369000
Asia (excl. China and India),1930,3010354700
Asia (excl. China and India),1931,3168300500
Asia (excl. China and India),1932,3330693600
Asia (excl. China and India),1933,3514206500
Asia (excl. China and India),1934,3721854700
Asia (excl. China and India),1935,3945116000
Asia (excl. China and India),1936,4193141000
Asia (excl. China and India),1937,4462630400
Asia (excl. China and India),1938,4745645000
Asia (excl. China and India),1939,5040784000
Asia (excl. China and India),1940,5369521700
Asia (excl. China and India),1941,5680382500
Asia (excl. China and India),1942,5946653700
Asia (excl. China and India),1943,6231140400
Asia (excl. China and India),1944,6521031700
Asia (excl. China and India),1945,6740394500
Asia (excl. China and India),1946,6967717000
Asia (excl. China and India),1947,7253136000
Asia (excl. China and India),1948,7545556000
Asia (excl. China and India),1949,7885885400
Asia (excl. China and India),1950,8221124000
Asia (excl. China and India),1951,8510032400
Asia (excl. China and India),1952,8819305000
Asia (excl. China and India),1953,9157070000
Asia (excl. China and India),1954,9515814000
Asia (excl. China and India),1955,9921291000
Asia (excl. China and India),1956,10373090000
Asia (excl. China and India),1957,10869200000
Asia (excl. China and India),1958,11386689000
Asia (excl. China and India),1959,11938707000
Asia (excl. China and India),1960,12566989000
Asia (excl. China and India),1961,13269210000
Asia (excl. China and India),1962,14019299000
Asia (excl. China and India),1963,14842886000
Asia (excl. China and India),1964,15749823000
Asia (excl. China and India),1965,16745318000
Asia (excl. China and India),1966,17833128000
Asia (excl. China and India),1967,19037958000
Asia (excl. China and India),1968,20383850000
Asia (excl. China and India),1969,21887662000
Asia (excl. China and India),1970,23594093000
Asia (excl. China and India),1971,25443359000
Asia (excl. China and India),1972,27392084000
Asia (excl. China and India),1973,29526436000
Asia (excl. China and India),1974,31693870000
Asia (excl. China and India),1975,33853254000
Asia (excl. China and India),1976,36183830000
Asia (excl. China and India),1977,38630453000
Asia (excl. China and India),1978,41102080000
Asia (excl. China and India),1979,43701320000
Asia (excl. China and India),1980,46311064000
Asia (excl. China and India),1981,48889106000
Asia (excl. China and India),1982,51476280000
Asia (excl. China and India),1983,54131036000
Asia (excl. China and India),1984,56900006000
Asia (excl. China and India),1985,59770933000
Asia (excl. China and India),1986,62733180000
Asia (excl. China and India),1987,65752240000
Asia (excl. China and India),1988,69029160000
Asia (excl. China and India),1989,72435320000
Asia (excl. China and India),1990,75983690000
Asia (excl. China and India),1991,80176930000
Asia (excl. China and India),1992,84047660000
Asia (excl. China and India),1993,88037960000
Asia (excl. China and India),1994,92142330000
Asia (excl. China and India),1995,96264765000
Asia (excl. China and India),1996,1.00509E+11
Asia (excl. China and India),1997,1.04828E+11
Asia (excl. China and India),1998,1.0901E+11
Asia (excl. China and India),1999,1.13387E+11
Asia (excl. China and India),2000,1.18065E+11
Asia (excl. China and India),2001,1.22815E+11
Asia (excl. China and India),2002,1.27692E+11
Asia (excl. China and India),2003,1.32799E+11
Asia (excl. China and India),2004,1.38133E+11
Asia (excl. China and India),2005,1.43597E+11
Asia (excl. China and India),2006,1.49217E+11
Asia (excl. China and India),2007,1.54958E+11
Asia (excl. China and India),2008,1.6082E+11
Asia (excl. China and India),2009,1.66691E+11
Asia (excl. China and India),2010,1.72934E+11
Asia (excl. China and India),2011,1.7938E+11
Asia (excl. China and India),2012,1.86105E+11
Asia (excl. China and India),2013,1.92832E+11
Asia (excl. China and India),2014,1.99714E+11
Asia (excl. China and India),2015,2.06784E+11
Asia (excl. China and India),2016,2.13939E+11
Asia (excl. China and India),2017,2.21332E+11
Asia (excl. China and India),2018,2.28816E+11
Asia (excl. China and India),2019,2.36343E+11
Asia (excl. China and India),2020,2.43631E+11
Asia (excl. China and India),2021,2.51138E+11
Bangladesh,1750,0
Bangladesh,1751,0
Bangladesh,1752,0
Bangladesh,1753,0
Bangladesh,1754,0
Bangladesh,1755,0
Bangladesh,1756,0
Bangladesh,1757,0
Bangladesh,1758,0
Bangladesh,1759,0
Bangladesh,1760,0
Bangladesh,1761,0
Bangladesh,1762,0
Bangladesh,1763,0
Bangladesh,1764,0
Bangladesh,1765,0
Bangladesh,1766,0
Bangladesh,1767,0
Bangladesh,1768,0
Bangladesh,1769,0
Bangladesh,1770,0
Bangladesh,1771,0
Bangladesh,1772,0
Bangladesh,1773,0
Bangladesh,1774,0
Bangladesh,1775,0
Bangladesh,1776,0
Bangladesh,1777,0
Bangladesh,1778,0
Bangladesh,1779,0
Bangladesh,1780,0
Bangladesh,1781,0
Bangladesh,1782,0
Bangladesh,1783,0
Bangladesh,1784,0
Bangladesh,1785,0
Bangladesh,1786,0
Bangladesh,1787,0
Bangladesh,1788,0
Bangladesh,1789,0
Bangladesh,1790,0
Bangladesh,1791,0
Bangladesh,1792,0
Bangladesh,1793,0
Bangladesh,1794,0
Bangladesh,1795,0
Bangladesh,1796,0
Bangladesh,1797,0
Bangladesh,1798,0
Bangladesh,1799,0
Bangladesh,1800,0
Bangladesh,1801,0
Bangladesh,1802,0
Bangladesh,1803,0
Bangladesh,1804,0
Bangladesh,1805,0
Bangladesh,1806,0
Bangladesh,1807,0
Bangladesh,1808,0
Bangladesh,1809,0
Bangladesh,1810,0
Bangladesh,1811,0
Bangladesh,1812,0
Bangladesh,1813,0
Bangladesh,1814,0
Bangladesh,1815,0
Bangladesh,1816,0
Bangladesh,1817,0
Bangladesh,1818,0
Bangladesh,1819,0
Bangladesh,1820,0
Bangladesh,1821,0
Bangladesh,1822,0
Bangladesh,1823,0
Bangladesh,1824,0
Bangladesh,1825,0
Bangladesh,1826,0
Bangladesh,1827,0
Bangladesh,1828,0
Bangladesh,1829,0
Bangladesh,1830,0
Bangladesh,1831,0
Bangladesh,1832,0
Bangladesh,1833,0
Bangladesh,1834,0
Bangladesh,1835,0
Bangladesh,1836,0
Bangladesh,1837,0
Bangladesh,1838,0
Bangladesh,1839,0
Bangladesh,1840,0
Bangladesh,1841,0
Bangladesh,1842,0
Bangladesh,1843,0
Bangladesh,1844,0
Bangladesh,1845,0
Bangladesh,1846,0
Bangladesh,1847,0
Bangladesh,1848,0
Bangladesh,1849,0
Bangladesh,1850,0
Bangladesh,1851,0
Bangladesh,1852,0
Bangladesh,1853,0
Bangladesh,1854,0
Bangladesh,1855,0
Bangladesh,1856,0
Bangladesh,1857,0
Bangladesh,1858,0
Bangladesh,1859,0
Bangladesh,1860,0
Bangladesh,1861,0
Bangladesh,1862,0
Bangladesh,1863,0
Bangladesh,1864,0
Bangladesh,1865,0
Bangladesh,1866,0
Bangladesh,1867,0
Bangladesh,1868,0
Bangladesh,1869,0
Bangladesh,1870,0
Bangladesh,1871,0
Bangladesh,1872,0
Bangladesh,1873,0
Bangladesh,1874,0
Bangladesh,1875,0
Bangladesh,1876,0
Bangladesh,1877,0
Bangladesh,1878,0
Bangladesh,1879,0
Bangladesh,1880,0
Bangladesh,1881,0
Bangladesh,1882,0
Bangladesh,1883,0
Bangladesh,1884,0
Bangladesh,1885,0
Bangladesh,1886,0
Bangladesh,1887,0
Bangladesh,1888,0
Bangladesh,1889,0
Bangladesh,1890,0
Bangladesh,1891,0
Bangladesh,1892,0
Bangladesh,1893,0
Bangladesh,1894,0
Bangladesh,1895,0
Bangladesh,1896,0
Bangladesh,1897,0
Bangladesh,1898,0
Bangladesh,1899,0
Bangladesh,1900,0
Bangladesh,1901,0
Bangladesh,1902,0
Bangladesh,1903,0
Bangladesh,1904,0
Bangladesh,1905,0
Bangladesh,1906,0
Bangladesh,1907,0
Bangladesh,1908,0
Bangladesh,1909,0
Bangladesh,1910,0
Bangladesh,1911,0
Bangladesh,1912,0
Bangladesh,1913,0
Bangladesh,1914,0
Bangladesh,1915,0
Bangladesh,1916,0
Bangladesh,1917,0
Bangladesh,1918,0
Bangladesh,1919,0
Bangladesh,1920,0
Bangladesh,1921,0
Bangladesh,1922,0
Bangladesh,1923,0
Bangladesh,1924,0
Bangladesh,1925,0
Bangladesh,1926,0
Bangladesh,1927,0
Bangladesh,1928,0
Bangladesh,1929,0
Bangladesh,1930,0
Bangladesh,1931,0
Bangladesh,1932,0
Bangladesh,1933,0
Bangladesh,1934,0
Bangladesh,1935,0
Bangladesh,1936,0
Bangladesh,1937,0
Bangladesh,1938,0
Bangladesh,1939,0
Bangladesh,1940,0
Bangladesh,1941,0
Bangladesh,1942,0
Bangladesh,1943,0
Bangladesh,1944,0
Bangladesh,1945,0
Bangladesh,1946,117474
Bangladesh,1947,238959
Bangladesh,1948,373036
Bangladesh,1949,563269
Bangladesh,1950,1556337
Bangladesh,1951,2782630
Bangladesh,1952,4077687
Bangladesh,1953,5395664
Bangladesh,1954,6734268
Bangladesh,1955,8113559
Bangladesh,1956,9747850
Bangladesh,1957,11436569
Bangladesh,1958,13332730
Bangladesh,1959,15172737
Bangladesh,1960,17384642
Bangladesh,1961,19675052
Bangladesh,1962,22191808
Bangladesh,1963,25085050
Bangladesh,1964,28059662
Bangladesh,1965,31180968
Bangladesh,1966,34357280
Bangladesh,1967,37728424
Bangladesh,1968,41594090
Bangladesh,1969,45343416
Bangladesh,1970,49146612
Bangladesh,1971,52752444
Bangladesh,1972,56258364
Bangladesh,1973,60808060
Bangladesh,1974,65461144
Bangladesh,1975,70317864
Bangladesh,1976,75873660
Bangladesh,1977,81658420
Bangladesh,1978,87642840
Bangladesh,1979,94255490
Bangladesh,1980,101852700
Bangladesh,1981,109738850
Bangladesh,1982,118291140
Bangladesh,1983,126479416
Bangladesh,1984,135556580
Bangladesh,1985,145745730
Bangladesh,1986,157151540
Bangladesh,1987,168951260
Bangladesh,1988,182429710
Bangladesh,1989,195812080
Bangladesh,1990,209893660
Bangladesh,1991,224635650
Bangladesh,1992,240015550
Bangladesh,1993,256078450
Bangladesh,1994,273616480
Bangladesh,1995,294658180
Bangladesh,1996,316151000
Bangladesh,1997,339276860
Bangladesh,1998,362474660
Bangladesh,1999,387549660
Bangladesh,2000,414074270
Bangladesh,2001,445109200
Bangladesh,2002,477090430
Bangladesh,2003,510549700
Bangladesh,2004,546495100
Bangladesh,2005,584171700
Bangladesh,2006,625860860
Bangladesh,2007,668503000
Bangladesh,2008,713803900
Bangladesh,2009,762951940
Bangladesh,2010,816943500
Bangladesh,2011,873499840
Bangladesh,2012,934207700
Bangladesh,2013,996006660
Bangladesh,2014,1062015600
Bangladesh,2015,1135173100
Bangladesh,2016,1211366800
Bangladesh,2017,1292097900
Bangladesh,2018,1374591600
Bangladesh,2019,1466249000
Bangladesh,2020,1557074300
Bangladesh,2021,1650250200
China,1750,0
China,1751,0
China,1752,0
China,1753,0
China,1754,0
China,1755,0
China,1756,0
China,1757,0
China,1758,0
China,1759,0
China,1760,0
China,1761,0
China,1762,0
China,1763,0
China,1764,0
China,1765,0
China,1766,0
China,1767,0
China,1768,0
China,1769,0
China,1770,0
China,1771,0
China,1772,0
China,1773,0
China,1774,0
China,1775,0
China,1776,0
China,1777,0
China,1778,0
China,1779,0
China,1780,0
China,1781,0
China,1782,0
China,1783,0
China,1784,0
China,1785,0
China,1786,0
China,1787,0
China,1788,0
China,1789,0
China,1790,0
China,1791,0
China,1792,0
China,1793,0
China,1794,0
China,1795,0
China,1796,0
China,1797,0
China,1798,0
China,1799,0
China,1800,0
China,1801,0
China,1802,0
China,1803,0
China,1804,0
China,1805,0
China,1806,0
China,1807,0
China,1808,0
China,1809,0
China,1810,0
China,1811,0
China,1812,0
China,1813,0
China,1814,0
China,1815,0
China,1816,0
China,1817,0
China,1818,0
China,1819,0
China,1820,0
China,1821,0
China,1822,0
China,1823,0
China,1824,0
China,1825,0
China,1826,0
China,1827,0
China,1828,0
China,1829,0
China,1830,0
China,1831,0
China,1832,0
China,1833,0
China,1834,0
China,1835,0
China,1836,0
China,1837,0
China,1838,0
China,1839,0
China,1840,0
China,1841,0
China,1842,0
China,1843,0
China,1844,0
China,1845,0
China,1846,0
China,1847,0
China,1848,0
China,1849,0
China,1850,0
China,1851,0
China,1852,0
China,1853,0
China,1854,0
China,1855,0
China,1856,0
China,1857,0
China,1858,0
China,1859,0
China,1860,0
China,1861,0
China,1862,0
China,1863,0
China,1864,0
China,1865,0
China,1866,0
China,1867,0
China,1868,0
China,1869,0
China,1870,0
China,1871,0
China,1872,0
China,1873,0
China,1874,0
China,1875,0
China,1876,0
China,1877,0
China,1878,0
China,1879,0
China,1880,0
China,1881,0
China,1882,0
China,1883,0
China,1884,0
China,1885,0
China,1886,0
China,1887,0
China,1888,0
China,1889,0
China,1890,0
China,1891,0
China,1892,0
China,1893,0
China,1894,0
China,1895,0
China,1896,0
China,1897,0
China,1898,0
China,1899,0
China,1900,0
China,1901,0
China,1902,0
China,1903,0
China,1904,0
China,1905,0
China,1906,0
China,1907,19893872
China,1908,42629730
China,1909,66881304
China,1910,91890740
China,1911,116521250
China,1912,133550400
China,1913,157801980
China,1914,184520380
China,1915,209940980
China,1916,240071660
China,1917,272095100
China,1918,306843070
China,1919,344840400
China,1920,385118820
China,1921,423881570
China,1922,463853100
China,1923,510370620
China,1924,559216700
China,1925,605171600
China,1926,648831740
China,1927,694640300
China,1928,742231740
China,1929,790513600
China,1930,840072060
China,1931,891976700
China,1932,942245800
China,1933,996357000
China,1934,1058739650
China,1935,1131385600
China,1936,1206862800
China,1937,1277831600
China,1938,1339197000
China,1939,1413624000
China,1940,1504414600
China,1941,1618393100
China,1942,1746006500
China,1943,1855001100
China,1944,1958004600
China,1945,2013896800
China,1946,2050003800
China,1947,2091840000
China,1948,2130240100
China,1949,2192321300
China,1950,2271156500
China,1951,2373271800
China,1952,2501271000
China,1953,2635053800
China,1954,2795931400
China,1955,2986452700
China,1956,3202276900
China,1957,3458061800
China,1958,3982678800
China,1959,4702830600
China,1960,5501630500
China,1961,6072260600
China,1962,6531878400
China,1963,6988658000
China,1964,7449295000
China,1965,7949581300
China,1966,8499041000
China,1967,8959267000
China,1968,9454773000
China,1969,10062457000
China,1970,10870409000
China,1971,11779619000
China,1972,12748264000
China,1973,13756557000
China,1974,14784657000
China,1975,15967872000
China,1976,17194293000
China,1977,18535125000
China,1978,20027902000
China,1979,21553564000
China,1980,23048059000
China,1981,24524546000
China,1982,26131132000
China,1983,27825349000
China,1984,29670177000
China,1985,31668260000
China,1986,33772472000
China,1987,36030210000
China,1988,38456107000
China,1989,40919760000
China,1990,43404616000
China,1991,46010712000
China,1992,48741500000
China,1993,51663150000
China,1994,54763150000
China,1995,58121060000
China,1996,61624295000
China,1997,65134460000
China,1998,68494918000
China,1999,72047760000
China,2000,75692220000
China,2001,79415950000
China,2002,83528420000
China,2003,88355860000
China,2004,93579620000
China,2005,99456170000
China,2006,1.05945E+11
China,2007,1.12924E+11
China,2008,1.2042E+11
China,2009,1.28307E+11
China,2010,1.36924E+11
China,2011,1.46452E+11
China,2012,1.56231E+11
China,2013,1.66188E+11
China,2014,1.76186E+11
China,2015,1.86053E+11
China,2016,1.95818E+11
China,2017,2.05829E+11
China,2018,2.16183E+11
China,2019,2.26924E+11
China,2020,2.3788E+11
China,2021,2.49353E+11
European Union (27),1750,0
European Union (27),1751,0
European Union (27),1752,0
European Union (27),1753,0
European Union (27),1754,0
European Union (27),1755,0
European Union (27),1756,0
European Union (27),1757,0
European Union (27),1758,0
European Union (27),1759,0
European Union (27),1760,0
European Union (27),1761,0
European Union (27),1762,0
European Union (27),1763,0
European Union (27),1764,0
European Union (27),1765,0
European Union (27),1766,0
European Union (27),1767,0
European Union (27),1768,0
European Union (27),1769,0
European Union (27),1770,0
European Union (27),1771,0
European Union (27),1772,0
European Union (27),1773,0
European Union (27),1774,0
European Union (27),1775,0
European Union (27),1776,0
European Union (27),1777,0
European Union (27),1778,0
European Union (27),1779,0
European Union (27),1780,0
European Union (27),1781,0
European Union (27),1782,0
European Union (27),1783,0
European Union (27),1784,0
European Union (27),1785,0
European Union (27),1786,0
European Union (27),1787,0
European Union (27),1788,0
European Union (27),1789,0
European Union (27),1790,0
European Union (27),1791,0
European Union (27),1792,468992
European Union (27),1793,948976
European Union (27),1794,1392320
European Union (27),1795,1839328
European Union (27),1796,2374272
European Union (27),1797,2923872
European Union (27),1798,3499120
European Union (27),1799,4125664
European Union (27),1800,5327456
European Union (27),1801,6305744
European Union (27),1802,15945728
European Union (27),1803,16942336
European Union (27),1804,20584352
European Union (27),1805,22196512
European Union (27),1806,23654784
European Union (27),1807,26890096
European Union (27),1808,28289744
European Union (27),1809,29693056
European Union (27),1810,33360720
European Union (27),1811,36929456
European Union (27),1812,40512850
European Union (27),1813,43832430
European Union (27),1814,47309570
European Union (27),1815,51270350
European Union (27),1816,56832304
European Union (27),1817,63618030
European Union (27),1818,70455060
European Union (27),1819,77299410
European Union (27),1820,84664050
European Union (27),1821,92395090
European Union (27),1822,100470540
European Union (27),1823,109242160
European Union (27),1824,117665700
European Union (27),1825,127690400
European Union (27),1826,137645490
European Union (27),1827,149879580
European Union (27),1828,162329860
European Union (27),1829,173578340
European Union (27),1830,192719570
European Union (27),1831,209189840
European Union (27),1832,225670910
European Union (27),1833,243434500
European Union (27),1834,262996580
European Union (27),1835,283844740
European Union (27),1836,307422600
European Union (27),1837,333008300
European Union (27),1838,360154880
European Union (27),1839,388426300
European Union (27),1840,420475300
European Union (27),1841,454979200
European Union (27),1842,492117500
European Union (27),1843,528046700
European Union (27),1844,566621250
European Union (27),1845,610538000
European Union (27),1846,659804100
European Union (27),1847,713452400
European Union (27),1848,761025800
European Union (27),1849,810156350
European Union (27),1850,864346400
European Union (27),1851,921643970
European Union (27),1852,985928800
European Union (27),1853,1057109400
European Union (27),1854,1139428500
European Union (27),1855,1230250100
European Union (27),1856,1326646300
European Union (27),1857,1427098500
European Union (27),1858,1532964600
European Union (27),1859,1636962800
European Union (27),1860,1749616300
European Union (27),1861,1873468200
European Union (27),1862,2007544000
European Union (27),1863,2147032600
European Union (27),1864,2297930000
European Union (27),1865,2461752800
European Union (27),1866,2630082000
European Union (27),1867,2810572300
European Union (27),1868,2999926000
European Union (27),1869,3197274400
European Union (27),1870,3395400400
European Union (27),1871,3606980900
European Union (27),1872,3842073300
European Union (27),1873,4093773000
European Union (27),1874,4313995300
European Union (27),1875,4568911400
European Union (27),1876,4835258000
European Union (27),1877,5095142000
European Union (27),1878,5363652600
European Union (27),1879,5647911400
European Union (27),1880,5976770000
European Union (27),1881,6306906000
European Union (27),1882,6655863000
European Union (27),1883,7028515000
European Union (27),1884,7404860400
European Union (27),1885,7785848300
European Union (27),1886,8168622600
European Union (27),1887,8569587000
European Union (27),1888,9000962000
European Union (27),1889,9455524000
European Union (27),1890,9937171000
European Union (27),1891,10438503000
European Union (27),1892,10932126000
European Union (27),1893,11434047000
European Union (27),1894,11961257000
European Union (27),1895,12504565000
European Union (27),1896,13079860000
European Union (27),1897,13688426000
European Union (27),1898,14323922000
European Union (27),1899,14993264000
European Union (27),1900,15705412000
European Union (27),1901,16415077000
European Union (27),1902,17111530000
European Union (27),1903,17854610000
European Union (27),1904,18611770000
European Union (27),1905,19407534000
European Union (27),1906,20219884000
European Union (27),1907,21147380000
European Union (27),1908,22109403000
European Union (27),1909,23064412000
European Union (27),1910,24037267000
European Union (27),1911,25029970000
European Union (27),1912,26094354000
European Union (27),1913,27240514000
European Union (27),1914,28221487000
European Union (27),1915,29121516000
European Union (27),1916,30067610000
European Union (27),1917,31005921000
European Union (27),1918,31889357000
European Union (27),1919,32576287000
European Union (27),1920,33437702000
European Union (27),1921,34331808000
European Union (27),1922,35249865000
European Union (27),1923,36073220000
European Union (27),1924,37073367000
European Union (27),1925,38085054000
European Union (27),1926,39062940000
European Union (27),1927,40162260000
European Union (27),1928,41287390000
European Union (27),1929,42523060000
European Union (27),1930,43646374000
European Union (27),1931,44658060000
European Union (27),1932,45552194000
European Union (27),1933,46474000000
European Union (27),1934,47467475000
European Union (27),1935,48507445000
European Union (27),1936,49591288000
European Union (27),1937,50811146000
European Union (27),1938,52043457000
European Union (27),1939,53312470000
European Union (27),1940,54632833000
European Union (27),1941,55934226000
European Union (27),1942,57254900000
European Union (27),1943,58586575000
European Union (27),1944,59728273000
European Union (27),1945,60221180000
European Union (27),1946,61068825000
European Union (27),1947,62059545000
European Union (27),1948,63154913000
European Union (27),1949,64366027000
European Union (27),1950,65643815000
European Union (27),1951,67073642000
European Union (27),1952,68560540000
European Union (27),1953,70075610000
European Union (27),1954,71687045000
European Union (27),1955,73430490000
European Union (27),1956,75297660000
European Union (27),1957,77224165000
European Union (27),1958,79135180000
European Union (27),1959,81075950000
European Union (27),1960,83175210000
European Union (27),1961,85374075000
European Union (27),1962,87727830000
European Union (27),1963,90239880000
European Union (27),1964,92883100000
European Union (27),1965,95559130000
European Union (27),1966,98316690000
European Union (27),1967,1.01136E+11
European Union (27),1968,1.04128E+11
European Union (27),1969,1.07319E+11
European Union (27),1970,1.1065E+11
European Union (27),1971,1.14074E+11
European Union (27),1972,1.17628E+11
European Union (27),1973,1.21356E+11
European Union (27),1974,1.25065E+11
European Union (27),1975,1.287E+11
European Union (27),1976,1.32612E+11
European Union (27),1977,1.36485E+11
European Union (27),1978,1.40489E+11
European Union (27),1979,1.44602E+11
European Union (27),1980,1.48679E+11
European Union (27),1981,1.52543E+11
European Union (27),1982,1.56314E+11
European Union (27),1983,1.60043E+11
European Union (27),1984,1.63806E+11
European Union (27),1985,1.67627E+11
European Union (27),1986,1.71431E+11
European Union (27),1987,1.7527E+11
European Union (27),1988,1.79066E+11
European Union (27),1989,1.829E+11
European Union (27),1990,1.86766E+11
European Union (27),1991,1.90569E+11
European Union (27),1992,1.94243E+11
European Union (27),1993,1.9785E+11
European Union (27),1994,2.01439E+11
European Union (27),1995,2.05075E+11
European Union (27),1996,2.08796E+11
European Union (27),1997,2.12451E+11
European Union (27),1998,2.16097E+11
European Union (27),1999,2.19687E+11
European Union (27),2000,2.2329E+11
European Union (27),2001,2.26949E+11
European Union (27),2002,2.30611E+11
European Union (27),2003,2.34355E+11
European Union (27),2004,2.38111E+11
European Union (27),2005,2.41847E+11
European Union (27),2006,2.45593E+11
European Union (27),2007,2.49303E+11
European Union (27),2008,2.5293E+11
European Union (27),2009,2.56263E+11
European Union (27),2010,2.59695E+11
European Union (27),2011,2.63028E+11
European Union (27),2012,2.66288E+11
European Union (27),2013,2.69465E+11
European Union (27),2014,2.72506E+11
European Union (27),2015,2.75598E+11
European Union (27),2016,2.78698E+11
European Union (27),2017,2.81821E+11
European Union (27),2018,2.8487E+11
European Union (27),2019,2.87777E+11
European Union (27),2020,2.90399E+11
European Union (27),2021,2.93192E+11
India,1750,0
India,1751,0
India,1752,0
India,1753,0
India,1754,0
India,1755,0
India,1756,0
India,1757,0
India,1758,0
India,1759,0
India,1760,0
India,1761,0
India,1762,0
India,1763,0
India,1764,0
India,1765,0
India,1766,0
India,1767,0
India,1768,0
India,1769,0
India,1770,0
India,1771,0
India,1772,0
India,1773,0
India,1774,0
India,1775,0
India,1776,0
India,1777,0
India,1778,0
India,1779,0
India,1780,0
India,1781,0
India,1782,0
India,1783,0
India,1784,0
India,1785,0
India,1786,0
India,1787,0
India,1788,0
India,1789,0
India,1790,0
India,1791,0
India,1792,0
India,1793,0
India,1794,0
India,1795,0
India,1796,0
India,1797,0
India,1798,0
India,1799,0
India,1800,0
India,1801,0
India,1802,0
India,1803,0
India,1804,0
India,1805,0
India,1806,0
India,1807,0
India,1808,0
India,1809,0
India,1810,0
India,1811,0
India,1812,0
India,1813,0
India,1814,0
India,1815,0
India,1816,0
India,1817,0
India,1818,0
India,1819,0
India,1820,0
India,1821,0
India,1822,0
India,1823,0
India,1824,0
India,1825,0
India,1826,0
India,1827,0
India,1828,0
India,1829,0
India,1830,0
India,1831,0
India,1832,0
India,1833,0
India,1834,0
India,1835,0
India,1836,0
India,1837,0
India,1838,0
India,1839,0
India,1840,0
India,1841,0
India,1842,0
India,1843,0
India,1844,0
India,1845,0
India,1846,0
India,1847,0
India,1848,0
India,1849,0
India,1850,0
India,1851,0
India,1852,0
India,1853,0
India,1854,0
India,1855,0
India,1856,0
India,1857,0
India,1858,394488
India,1859,1030974
India,1860,1674090
India,1861,2171344
India,1862,2721639
India,1863,3331604
India,1864,3908419
India,1865,4475289
India,1866,5115090
India,1867,0
India,1868,0
India,1869,0
India,1870,0
India,1871,0
India,1872,0
India,1873,0
India,1874,0
India,1875,0
India,1876,0
India,1877,0
India,1878,6882001
India,1879,8566385
India,1880,10453161
India,1881,12292496
India,1882,14488791
India,1883,16929700
India,1884,19659716
India,1885,22119120
India,1886,24891184
India,1887,27957202
India,1888,31366758
India,1889,35388590
India,1890,39820264
India,1891,44592690
India,1892,49839984
India,1893,55383180
India,1894,60999890
India,1895,68034600
India,1896,75642640
India,1897,83896020
India,1898,93021220
India,1899,103075704
India,1900,115005280
India,1901,128184980
India,1902,142700420
India,1903,157502540
India,1904,174063580
India,1905,190994320
India,1906,210543760
India,1907,232316180
India,1908,257224450
India,1909,281367140
India,1910,304854460
India,1911,329636960
India,1912,358158430
India,1913,389625200
India,1914,421323400
India,1915,454465180
India,1916,487982720
India,1917,523002530
India,1918,562361860
India,1919,605336700
India,1920,640204740
India,1921,677710300
India,1922,714613700
India,1923,752585600
India,1924,793213630
India,1925,833298600
India,1926,873241200
India,1927,915125060
India,1928,955198100
India,1929,996906000
India,1930,1039305600
India,1931,1078156700
India,1932,1114286200
India,1933,1149753600
India,1934,1189364600
India,1935,1230757900
India,1936,1271442400
India,1937,1316509700
India,1938,1366889500
India,1939,1416201700
India,1940,1468511400
India,1941,1522092500
India,1942,1575622100
India,1943,1622266600
India,1944,1669962600
India,1945,1722836700
India,1946,1775061900
India,1947,1828242200
India,1948,1881446300
India,1949,1937634300
India,1950,1998736900
India,1951,2062759000
India,1952,2130185300
India,1953,2198890200
India,1954,2271304000
India,1955,2350091800
India,1956,2431748000
India,1957,2523383600
India,1958,2619199500
India,1959,2720647000
India,1960,2831972000
India,1961,2952376600
India,1962,3084958200
India,1963,3227402500
India,1964,3366890800
India,1965,3520593000
India,1966,3679966500
India,1967,3839522600
India,1968,4013592000
India,1969,4191005400
India,1970,4372728300
India,1971,4564692000
India,1972,4767728000
India,1973,4976824000
India,1974,5192677000
India,1975,5426886000
India,1976,5671636000
India,1977,5930598000
India,1978,6193747500
India,1979,6470032400
India,1980,6761744000
India,1981,7076710400
India,1982,7402090500
India,1983,7754289700
India,1984,8115849700
India,1985,8513442300
India,1986,8939751000
India,1987,9395096000
India,1988,9886788000
India,1989,10427439000
India,1990,11005436000
India,1991,11620802000
India,1992,12276249000
India,1993,12953549000
India,1994,13669817000
India,1995,14431267000
India,1996,15256467000
India,1997,16115403000
India,1998,16992354000
India,1999,17943306000
India,2000,18921409000
India,2001,19913140000
India,2002,20935315000
India,2003,21994041000
India,2004,23118560000
India,2005,24303485000
India,2006,25562128000
India,2007,26919082000
India,2008,28380600000
India,2009,29992016000
India,2010,31668510000
India,2011,33446984000
India,2012,35409580000
India,2013,37446996000
India,2014,39634338000
India,2015,41905103000
India,2016,44288918000
India,2017,46723790000
India,2018,49324233000
India,2019,51950694000
India,2020,54395703000
India,2021,57105388000
Oceania,1750,0
Oceania,1751,0
Oceania,1752,0
Oceania,1753,0
Oceania,1754,0
Oceania,1755,0
Oceania,1756,0
Oceania,1757,0
Oceania,1758,0
Oceania,1759,0
Oceania,1760,0
Oceania,1761,0
Oceania,1762,0
Oceania,1763,0
Oceania,1764,0
Oceania,1765,0
Oceania,1766,0
Oceania,1767,0
Oceania,1768,0
Oceania,1769,0
Oceania,1770,0
Oceania,1771,0
Oceania,1772,0
Oceania,1773,0
Oceania,1774,0
Oceania,1775,0
Oceania,1776,0
Oceania,1777,0
Oceania,1778,0
Oceania,1779,0
Oceania,1780,0
Oceania,1781,0
Oceania,1782,0
Oceania,1783,0
Oceania,1784,0
Oceania,1785,0
Oceania,1786,0
Oceania,1787,0
Oceania,1788,0
Oceania,1789,0
Oceania,1790,0
Oceania,1791,0
Oceania,1792,0
Oceania,1793,0
Oceania,1794,0
Oceania,1795,0
Oceania,1796,0
Oceania,1797,0
Oceania,1798,0
Oceania,1799,0
Oceania,1800,0
Oceania,1801,0
Oceania,1802,0
Oceania,1803,0
Oceania,1804,0
Oceania,1805,0
Oceania,1806,0
Oceania,1807,0
Oceania,1808,0
Oceania,1809,0
Oceania,1810,0
Oceania,1811,0
Oceania,1812,0
Oceania,1813,0
Oceania,1814,0
Oceania,1815,0
Oceania,1816,0
Oceania,1817,0
Oceania,1818,0
Oceania,1819,0
Oceania,1820,0
Oceania,1821,0
Oceania,1822,0
Oceania,1823,0
Oceania,1824,0
Oceania,1825,0
Oceania,1826,0
Oceania,1827,0
Oceania,1828,0
Oceania,1829,0
Oceania,1830,0
Oceania,1831,0
Oceania,1832,0
Oceania,1833,0
Oceania,1834,0
Oceania,1835,0
Oceania,1836,0
Oceania,1837,0
Oceania,1838,0
Oceania,1839,0
Oceania,1840,0
Oceania,1841,0
Oceania,1842,0
Oceania,1843,0
Oceania,1844,0
Oceania,1845,0
Oceania,1846,0
Oceania,1847,0
Oceania,1848,0
Oceania,1849,0
Oceania,1850,0
Oceania,1851,0
Oceania,1852,0
Oceania,1853,0
Oceania,1854,0
Oceania,1855,0
Oceania,1856,0
Oceania,1857,0
Oceania,1858,0
Oceania,1859,0
Oceania,1860,278464
Oceania,1861,787760
Oceania,1862,1143168
Oceania,1863,1542544
Oceania,1864,1810016
Oceania,1865,2231376
Oceania,1866,2927536
Oceania,1867,3821552
Oceania,1868,4554352
Oceania,1869,5195552
Oceania,1870,5796448
Oceania,1871,6488944
Oceania,1872,7196096
Oceania,1873,8064464
Oceania,1874,8954816
Oceania,1875,9782880
Oceania,1876,10713536
Oceania,1877,11779760
Oceania,1878,13102464
Oceania,1879,15062704
Oceania,1880,17924288
Oceania,1881,20426800
Oceania,1882,23266400
Oceania,1883,26618960
Oceania,1884,30249984
Oceania,1885,34284050
Oceania,1886,38351090
Oceania,1887,42623310
Oceania,1888,47514750
Oceania,1889,52252304
Oceania,1890,57220690
Oceania,1891,62720350
Oceania,1892,68373900
Oceania,1893,73880900
Oceania,1894,79849550
Oceania,1895,86063700
Oceania,1896,92336460
Oceania,1897,99188140
Oceania,1898,106823920
Oceania,1899,114785790
Oceania,1900,127393620
Oceania,1901,141573300
Oceania,1902,156009460
Oceania,1903,170397980
Oceania,1904,185376420
Oceania,1905,200963070
Oceania,1906,219184140
Oceania,1907,238746240
Oceania,1908,259653020
Oceania,1909,278471330
Oceania,1910,300810750
Oceania,1911,324659700
Oceania,1912,350307700
Oceania,1913,376912000
Oceania,1914,406473150
Oceania,1915,433198400
Oceania,1916,457509020
Oceania,1917,482885900
Oceania,1918,510369540
Oceania,1919,536237380
Oceania,1920,565527400
Oceania,1921,592179300
Oceania,1922,620084350
Oceania,1923,648769800
Oceania,1924,679829570
Oceania,1925,712153340
Oceania,1926,744279300
Oceania,1927,777669400
Oceania,1928,808670200
Oceania,1929,837216400
Oceania,1930,864110140
Oceania,1931,887894600
Oceania,1932,911775000
Oceania,1933,936900700
Oceania,1934,963580200
Oceania,1935,992959040
Oceania,1936,1024184060
Oceania,1937,1057420200
Oceania,1938,1089701400
Oceania,1939,1126304600
Oceania,1940,1160101400
Oceania,1941,1199646800
Oceania,1942,1241244700
Oceania,1943,1281604900
Oceania,1944,1321283200
Oceania,1945,1359597600
Oceania,1946,1400549900
Oceania,1947,1444015000
Oceania,1948,1487937500
Oceania,1949,1531193100
Oceania,1950,1594907400
Oceania,1951,1662594200
Oceania,1952,1732848500
Oceania,1953,1801515300
Oceania,1954,1879216000
Oceania,1955,1960367600
Oceania,1956,2044643700
Oceania,1957,2130941400
Oceania,1958,2219887400
Oceania,1959,2314940700
Oceania,1960,2415914200
Oceania,1961,2519591200
Oceania,1962,2626800000
Oceania,1963,2741288200
Oceania,1964,2865336800
Oceania,1965,3002062000
Oceania,1966,3138824400
Oceania,1967,3284299300
Oceania,1968,3435460400
Oceania,1969,3594889500
Oceania,1970,3760722200
Oceania,1971,3932877800
Oceania,1972,4110634800
Oceania,1973,4304938000
Oceania,1974,4501676500
Oceania,1975,4701108700
Oceania,1976,4899586000
Oceania,1977,5112849000
Oceania,1978,5337465000
Oceania,1979,5563972600
Oceania,1980,5807522300
Oceania,1981,6059637000
Oceania,1982,6316821500
Oceania,1983,6564565000
Oceania,1984,6825190400
Oceania,1985,7093505500
Oceania,1986,7361552000
Oceania,1987,7647151600
Oceania,1988,7939071500
Oceania,1989,8247662000
Oceania,1990,8557136400
Oceania,1991,8868731000
Oceania,1992,9187361000
Oceania,1993,9510238000
Oceania,1994,9838241000
Oceania,1995,10177690000
Oceania,1996,10525652000
Oceania,1997,10884039000
Oceania,1998,11255077000
Oceania,1999,11637017000
Oceania,2000,12026411000
Oceania,2001,12425932000
Oceania,2002,12830673000
Oceania,2003,13245874000
Oceania,2004,13674843000
Oceania,2005,14108726000
Oceania,2006,14548696000
Oceania,2007,14997031000
Oceania,2008,15449367000
Oceania,2009,15902020000
Oceania,2010,16353577000
Oceania,2011,16803793000
Oceania,2012,17257892000
Oceania,2013,17703720000
Oceania,2014,18148140000
Oceania,2015,18600557000
Oceania,2016,19061662000
Oceania,2017,19527246000
Oceania,2018,19995920000
Oceania,2019,20466278000
Oceania,2020,20918465000
Oceania,2021,21361656000
South America,1750,0
South America,1751,0
South America,1752,0
South America,1753,0
South America,1754,0
South America,1755,0
South America,1756,0
South America,1757,0
South America,1758,0
South America,1759,0
South America,1760,0
South America,1761,0
South America,1762,0
South America,1763,0
South America,1764,0
South America,1765,0
South America,1766,0
South America,1767,0
South America,1768,0
South America,1769,0
South America,1770,0
South America,1771,0
South America,1772,0
South America,1773,0
South America,1774,0
South America,1775,0
South America,1776,0
South America,1777,0
South America,1778,0
South America,1779,0
South America,1780,0
South America,1781,0
South America,1782,0
South America,1783,0
South America,1784,0
South America,1785,0
South America,1786,0
South America,1787,0
South America,1788,0
South America,1789,0
South America,1790,0
South America,1791,0
South America,1792,0
South America,1793,0
South America,1794,0
South America,1795,0
South America,1796,0
South America,1797,0
South America,1798,0
South America,1799,0
South America,1800,0
South America,1801,0
South America,1802,0
South America,1803,0
South America,1804,0
South America,1805,0
South America,1806,0
South America,1807,0
South America,1808,0
South America,1809,0
South America,1810,0
South America,1811,0
South America,1812,0
South America,1813,0
South America,1814,0
South America,1815,0
South America,1816,0
South America,1817,0
South America,1818,0
South America,1819,0
South America,1820,0
South America,1821,0
South America,1822,0
South America,1823,0
South America,1824,0
South America,1825,0
South America,1826,0
South America,1827,0
South America,1828,0
South America,1829,0
South America,1830,0
South America,1831,0
South America,1832,0
South America,1833,0
South America,1834,0
South America,1835,0
South America,1836,0
South America,1837,0
South America,1838,0
South America,1839,0
South America,1840,0
South America,1841,0
South America,1842,0
South America,1843,0
South America,1844,0
South America,1845,0
South America,1846,0
South America,1847,0
South America,1848,0
South America,1849,0
South America,1850,0
South America,1851,0
South America,1852,0
South America,1853,0
South America,1854,0
South America,1855,0
South America,1856,0
South America,1857,0
South America,1858,0
South America,1859,0
South America,1860,0
South America,1861,0
South America,1862,0
South America,1863,0
South America,1864,0
South America,1865,0
South America,1866,0
South America,1867,0
South America,1868,0
South America,1869,0
South America,1870,0
South America,1871,0
South America,1872,0
South America,1873,0
South America,1874,0
South America,1875,0
South America,1876,0
South America,1877,0
South America,1878,0
South America,1879,0
South America,1880,0
South America,1881,0
South America,1882,0
South America,1883,0
South America,1884,3664
South America,1885,7328
South America,1886,14656
South America,1887,1106528
South America,1888,2004208
South America,1889,3766592
South America,1890,5147920
South America,1891,6133536
South America,1892,7584480
South America,1893,9185648
South America,1894,11219168
South America,1895,14047776
South America,1896,16927680
South America,1897,19686672
South America,1898,22863360
South America,1899,26578656
South America,1900,29744352
South America,1901,36145360
South America,1902,43524656
South America,1903,51200736
South America,1904,59866096
South America,1905,69077390
South America,1906,81406750
South America,1907,94091520
South America,1908,108978350
South America,1909,122384930
South America,1910,139631380
South America,1911,158794100
South America,1912,178784880
South America,1913,199907840
South America,1914,217102990
South America,1915,232191340
South America,1916,245810430
South America,1917,256677860
South America,1918,267677180
South America,1919,280578100
South America,1920,295219460
South America,1921,309648320
South America,1922,326810500
South America,1923,346570430
South America,1924,370903040
South America,1925,397287520
South America,1926,424668600
South America,1927,454750000
South America,1928,486177860
South America,1929,520602180
South America,1930,549724700
South America,1931,575270400
South America,1932,604230600
South America,1933,637129100
South America,1934,674386560
South America,1935,715467970
South America,1936,755064450
South America,1937,805226200
South America,1938,851499000
South America,1939,898559360
South America,1940,949276100
South America,1941,1000028700
South America,1942,1048194800
South America,1943,1096764300
South America,1944,1150630700
South America,1945,1204767900
South America,1946,1323543900
South America,1947,1385651000
South America,1948,1455155100
South America,1949,1525979600
South America,1950,1638556800
South America,1951,1769844000
South America,1952,1911318400
South America,1953,2051961300
South America,1954,2203017500
South America,1955,2373098000
South America,1956,2557280300
South America,1957,2750198300
South America,1958,2928953000
South America,1959,3125949200
South America,1960,3325111800
South America,1961,3526877400
South America,1962,3742502400
South America,1963,3961865500
South America,1964,4191982000
South America,1965,4432036400
South America,1966,4683972600
South America,1967,4951250400
South America,1968,5238783500
South America,1969,5549914600
South America,1970,5887602000
South America,1971,6233981400
South America,1972,6596334600
South America,1973,6988759000
South America,1974,7404990500
South America,1975,7816316000
South America,1976,8235405000
South America,1977,8669986000
South America,1978,9131780000
South America,1979,9625982000
South America,1980,10133985000
South America,1981,10623313000
South America,1982,11113852000
South America,1983,11599517000
South America,1984,12090837000
South America,1985,12592477000
South America,1986,13121968000
South America,1987,13678993000
South America,1988,14259022000
South America,1989,14838521000
South America,1990,15438425000
South America,1991,16045963000
South America,1992,16665418000
South America,1993,17319588000
South America,1994,17991248000
South America,1995,18693044000
South America,1996,19421157000
South America,1997,20189590000
South America,1998,21010606000
South America,1999,21849920000
South America,2000,22671145000
South America,2001,23503274000
South America,2002,24350320000
South America,2003,25208523000
South America,2004,26076121000
South America,2005,26978116000
South America,2006,27891059000
South America,2007,28831840000
South America,2008,29839390000
South America,2009,30831374000
South America,2010,31913840000
South America,2011,33018153000
South America,2012,34162651000
South America,2013,35372646000
South America,2014,36601840000
South America,2015,37795664000
South America,2016,38948454000
South America,2017,40073564000
South America,2018,41138176000
South America,2019,42211353000
South America,2020,43192540000
South America,2021,44267540000
United Kingdom,1750,9350528
United Kingdom,1751,18701056
United Kingdom,1752,28055248
United Kingdom,1753,37409440
United Kingdom,1754,46767296
United Kingdom,1755,56128816
United Kingdom,1756,66135200
United Kingdom,1757,76145250
United Kingdom,1758,86158960
United Kingdom,1759,96176340
United Kingdom,1760,106193710
United Kingdom,1761,117167390
United Kingdom,1762,128144740
United Kingdom,1763,139125740
United Kingdom,1764,150110420
United Kingdom,1765,161098750
United Kingdom,1766,173358500
United Kingdom,1767,185621900
United Kingdom,1768,197888980
United Kingdom,1769,210159710
United Kingdom,1770,222434110
United Kingdom,1771,236045870
United Kingdom,1772,249661300
United Kingdom,1773,263280380
United Kingdom,1774,276903140
United Kingdom,1775,290529540
United Kingdom,1776,305566600
United Kingdom,1777,320607330
United Kingdom,1778,335651700
United Kingdom,1779,350699780
United Kingdom,1780,365755140
United Kingdom,1781,382598530
United Kingdom,1782,399445630
United Kingdom,1783,416300030
United Kingdom,1784,433158080
United Kingdom,1785,450023500
United Kingdom,1786,469171520
United Kingdom,1787,488326900
United Kingdom,1788,507485980
United Kingdom,1789,526652350
United Kingdom,1790,545826050
United Kingdom,1791,567242200
United Kingdom,1792,588665600
United Kingdom,1793,610096300
United Kingdom,1794,631530700
United Kingdom,1795,652972400
United Kingdom,1796,675385100
United Kingdom,1797,698926340
United Kingdom,1798,723442200
United Kingdom,1799,749240400
United Kingdom,1800,775874000
United Kingdom,1801,802584600
United Kingdom,1802,829434400
United Kingdom,1803,859625700
United Kingdom,1804,889956300
United Kingdom,1805,921419100
United Kingdom,1806,954669900
United Kingdom,1807,987928000
United Kingdom,1808,1021197100
United Kingdom,1809,1054477250
United Kingdom,1810,1087768300
United Kingdom,1811,1123331100
United Kingdom,1812,1160267900
United Kingdom,1813,1197644400
United Kingdom,1814,1235731600
United Kingdom,1815,1274654300
United Kingdom,1816,1316090500
United Kingdom,1817,1358014000
United Kingdom,1818,1400036400
United Kingdom,1819,1442373900
United Kingdom,1820,1484902000
United Kingdom,1821,1527774500
United Kingdom,1822,1572295700
United Kingdom,1823,1619169300
United Kingdom,1824,1668252200
United Kingdom,1825,1717844500
United Kingdom,1826,1767989900
United Kingdom,1827,1820220300
United Kingdom,1828,1872809600
United Kingdom,1829,1926146400
United Kingdom,1830,1994011100
United Kingdom,1831,2059776300
United Kingdom,1832,2125365500
United Kingdom,1833,2190859500
United Kingdom,1834,2256397600
United Kingdom,1835,2321660700
United Kingdom,1836,2398106400
United Kingdom,1837,2471877400
United Kingdom,1838,2547689200
United Kingdom,1839,2625468400
United Kingdom,1840,2706428200
United Kingdom,1841,2788267300
United Kingdom,1842,2873638700
United Kingdom,1843,2962732300
United Kingdom,1844,3056204800
United Kingdom,1845,3156191500
United Kingdom,1846,3251884300
United Kingdom,1847,3355432700
United Kingdom,1848,3464718800
United Kingdom,1849,3580724700
United Kingdom,1850,3703329300
United Kingdom,1851,3819984000
United Kingdom,1852,3936224300
United Kingdom,1853,4051823400
United Kingdom,1854,4191125000
United Kingdom,1855,4321567000
United Kingdom,1856,4461942300
United Kingdom,1857,4599804000
United Kingdom,1858,4734917600
United Kingdom,1859,4884929000
United Kingdom,1860,5052879400
United Kingdom,1861,5227927000
United Kingdom,1862,5397398000
United Kingdom,1863,5577623000
United Kingdom,1864,5771533000
United Kingdom,1865,5977021000
United Kingdom,1866,6188752400
United Kingdom,1867,6406126600
United Kingdom,1868,6619346000
United Kingdom,1869,6843051500
United Kingdom,1870,7071546000
United Kingdom,1871,7313582000
United Kingdom,1872,7568571000
United Kingdom,1873,7833229000
United Kingdom,1874,8090416000
United Kingdom,1875,8361904000
United Kingdom,1876,8632922000
United Kingdom,1877,8908822000
United Kingdom,1878,9179796000
United Kingdom,1879,9452443000
United Kingdom,1880,9749566000
United Kingdom,1881,10061879000
United Kingdom,1882,10376843000
United Kingdom,1883,10704573000
United Kingdom,1884,11023671000
United Kingdom,1885,11338963000
United Kingdom,1886,11651391000
United Kingdom,1887,11971834000
United Kingdom,1888,12305001000
United Kingdom,1889,12650026000
United Kingdom,1890,13003049000
United Kingdom,1891,13363521000
United Kingdom,1892,13716528000
United Kingdom,1893,14032739000
United Kingdom,1894,14394841000
United Kingdom,1895,14760391000
United Kingdom,1896,15136373000
United Kingdom,1897,15522342000
United Kingdom,1898,15909220000
United Kingdom,1899,16323772000
United Kingdom,1900,16743513000
United Kingdom,1901,17154214000
United Kingdom,1902,17580853000
United Kingdom,1903,18010840000
United Kingdom,1904,18442832000
United Kingdom,1905,18880504000
United Kingdom,1906,19333855000
United Kingdom,1907,19807422000
United Kingdom,1908,20269388000
United Kingdom,1909,20735474000
United Kingdom,1910,21205205000
United Kingdom,1911,21686557000
United Kingdom,1912,22142441000
United Kingdom,1913,22640765000
United Kingdom,1914,23123948000
United Kingdom,1915,23613428000
United Kingdom,1916,24120500000
United Kingdom,1917,24621670000
United Kingdom,1918,25088518000
United Kingdom,1919,25544649000
United Kingdom,1920,26015400000
United Kingdom,1921,26335205000
United Kingdom,1922,26763428000
United Kingdom,1923,27218321000
United Kingdom,1924,27694303000
United Kingdom,1925,28143960000
United Kingdom,1926,28390332000
United Kingdom,1927,28857068000
United Kingdom,1928,29294707000
United Kingdom,1929,29755380000
United Kingdom,1930,30196453000
United Kingdom,1931,30608667000
United Kingdom,1932,31004566000
United Kingdom,1933,31396720000
United Kingdom,1934,31819923000
United Kingdom,1935,32249030000
United Kingdom,1936,32702826000
United Kingdom,1937,33170958000
United Kingdom,1938,33619898000
United Kingdom,1939,34072355000
United Kingdom,1940,34547500000
United Kingdom,1941,35017150000
United Kingdom,1942,35486050000
United Kingdom,1943,35940870000
United Kingdom,1944,36382896000
United Kingdom,1945,36800520000
United Kingdom,1946,37236646000
United Kingdom,1947,37697917000
United Kingdom,1948,38173480000
United Kingdom,1949,38658590000
United Kingdom,1950,39159380000
United Kingdom,1951,39704633000
United Kingdom,1952,40233340000
United Kingdom,1953,40773550000
United Kingdom,1954,41326560000
United Kingdom,1955,41903510000
United Kingdom,1956,42477834000
United Kingdom,1957,43048550000
United Kingdom,1958,43604865000
United Kingdom,1959,44151472000
United Kingdom,1960,44735492000
United Kingdom,1961,45324104000
United Kingdom,1962,45917037000
United Kingdom,1963,46520422000
United Kingdom,1964,47128290000
United Kingdom,1965,47750402000
United Kingdom,1966,48368476000
United Kingdom,1967,48960532000
United Kingdom,1968,49567020000
United Kingdom,1969,50195403000
United Kingdom,1970,50847980000
United Kingdom,1971,51508367000
United Kingdom,1972,52156396000
United Kingdom,1973,52815970000
United Kingdom,1974,53433156000
United Kingdom,1975,54036402000
United Kingdom,1976,54634930000
United Kingdom,1977,55239290000
United Kingdom,1978,55844004000
United Kingdom,1979,56488518000
United Kingdom,1980,57067553000
United Kingdom,1981,57628107000
United Kingdom,1982,58176350000
United Kingdom,1983,58721833000
United Kingdom,1984,59250940000
United Kingdom,1985,59810566000
United Kingdom,1986,60379120000
United Kingdom,1987,60950790000
United Kingdom,1988,61521084000
United Kingdom,1989,62102660000
United Kingdom,1990,62704603000
United Kingdom,1991,63314020000
United Kingdom,1992,63907865000
United Kingdom,1993,64487473000
United Kingdom,1994,65061490000
United Kingdom,1995,65627652000
United Kingdom,1996,66214412000
United Kingdom,1997,66777120000
United Kingdom,1998,67345660000
United Kingdom,1999,67907314000
United Kingdom,2000,68476346000
United Kingdom,2001,69054320000
United Kingdom,2002,69614590000
United Kingdom,2003,70186210000
United Kingdom,2004,70759640000
United Kingdom,2005,71329980000
United Kingdom,2006,71897825000
United Kingdom,2007,72457390000
United Kingdom,2008,73002320000
United Kingdom,2009,73496430000
United Kingdom,2010,74008330000
United Kingdom,2011,74478050000
United Kingdom,2012,74965524000
United Kingdom,2013,75443134000
United Kingdom,2014,75881940000
United Kingdom,2015,76304400000
United Kingdom,2016,76703834000
United Kingdom,2017,77091200000
United Kingdom,2018,77470930000
United Kingdom,2019,77835680000
United Kingdom,2020,78161945000
United Kingdom,2021,78508720000
United States,1750,0
United States,1751,0
United States,1752,0
United States,1753,0
United States,1754,0
United States,1755,0
United States,1756,0
United States,1757,0
United States,1758,0
United States,1759,0
United States,1760,0
United States,1761,0
United States,1762,0
United States,1763,0
United States,1764,0
United States,1765,0
United States,1766,0
United States,1767,0
United States,1768,0
United States,1769,0
United States,1770,0
United States,1771,0
United States,1772,0
United States,1773,0
United States,1774,0
United States,1775,0
United States,1776,0
United States,1777,0
United States,1778,0
United States,1779,0
United States,1780,0
United States,1781,0
United States,1782,0
United States,1783,0
United States,1784,0
United States,1785,0
United States,1786,0
United States,1787,0
United States,1788,0
United States,1789,0
United States,1790,0
United States,1791,0
United States,1792,0
United States,1793,0
United States,1794,0
United States,1795,0
United States,1796,0
United States,1797,0
United States,1798,0
United States,1799,0
United States,1800,252815.98
United States,1801,520288
United States,1802,809744
United States,1803,1106528
United States,1804,1439952
United States,1805,1780704
United States,1806,2114128
United States,1807,2491520
United States,1808,2883568
United States,1809,3286608
United States,1810,3704304
United States,1811,4151312
United States,1812,4634960
United States,1813,5155248
United States,1814,5715840
United States,1815,6316736
United States,1816,6979920
United States,1817,7698064
United States,1818,8478496
United States,1819,9240608
United States,1820,10032032
United States,1821,10860096
United States,1822,11724800
United States,1823,12626144
United States,1824,13641072
United States,1825,14776912
United States,1826,16092288
United States,1827,17539568
United States,1828,19133408
United States,1829,20928768
United States,1830,23017248
United States,1831,25281600
United States,1832,28304400
United States,1833,31832832
United States,1834,35214704
United States,1835,39530896
United States,1836,44261120
United States,1837,49566590
United States,1838,54597264
United States,1839,60115250
United States,1840,65988640
United States,1841,72202780
United States,1842,79120420
United States,1843,86884430
United States,1844,96190990
United States,1845,107395500
United States,1846,120105920
United States,1847,135175950
United States,1848,151960740
United States,1849,170181810
United States,1850,189974740
United States,1851,214607800
United States,1852,241398980
United States,1853,271561020
United States,1854,304720220
United States,1855,342880770
United States,1856,382917300
United States,1857,423972400
United States,1858,465621120
United States,1859,510941120
United States,1860,558378940
United States,1861,604058050
United States,1862,651506800
United States,1863,706316600
United States,1864,764973600
United States,1865,823795460
United States,1866,883027650
United States,1867,955893600
United States,1868,1038245700
United States,1869,1131941500
United States,1870,1230561800
United States,1871,1333582500
United States,1872,1459887900
United States,1873,1599394600
United States,1874,1733691300
United States,1875,1869438700
United States,1876,2002258800
United States,1877,2149434400
United States,1878,2293337900
United States,1879,2468807000
United States,1880,2667491000
United States,1881,2877684000
United States,1882,3113078000
United States,1883,3366960600
United States,1884,3634550000
United States,1885,3906712300
United States,1886,4194175500
United States,1887,4501556000
United States,1888,4875431400
United States,1889,5210973700
United States,1890,5612721000
United States,1891,6040146000
United States,1892,6490595000
United States,1893,6944689700
United States,1894,7369740300
United States,1895,7849688000
United States,1896,8330571000
United States,1897,8830858000
United States,1898,9376179000
United States,1899,10001713000
United States,1900,10664452000
United States,1901,11385979000
United States,1902,12150475000
United States,1903,13044882000
United States,1904,13926940000
United States,1905,14913422000
United States,1906,15948893000
United States,1907,17152755000
United States,1908,18205567000
United States,1909,19371274000
United States,1910,20642855000
United States,1911,21901523000
United States,1912,23245089000
United States,1913,24687630000
United States,1914,26005610000
United States,1915,27373308000
United States,1916,28892290000
United States,1917,30563258000
United States,1918,32310977000
United States,1919,33790136000
United States,1920,35528380000
United States,1921,36952050000
United States,1922,38387810000
United States,1923,40284545000
United States,1924,41982865000
United States,1925,43741050000
United States,1926,45647098000
United States,1927,47509940000
United States,1928,49340903000
United States,1929,51304407000
United States,1930,53049324000
United States,1931,54534283000
United States,1932,55792100000
United States,1933,57140974000
United States,1934,58577215000
United States,1935,60069536000
United States,1936,61782946000
United States,1937,63575556000
United States,1938,65091305000
United States,1939,66762228000
United States,1940,68637213000
United States,1941,70680800000
United States,1942,72879060000
United States,1943,75151120000
United States,1944,77596025000
United States,1945,79955575000
United States,1946,82213070000
United States,1947,84698920000
United States,1948,87281480000
United States,1949,89446340000
United States,1950,91987830000
United States,1951,94606540000
United States,1952,97157760000
United States,1953,99770730000
United States,1954,1.0226E+11
United States,1955,1.04989E+11
United States,1956,1.07849E+11
United States,1957,1.10684E+11
United States,1958,1.13432E+11
United States,1959,1.16264E+11
United States,1960,1.19161E+11
United States,1961,1.22048E+11
United States,1962,1.25042E+11
United States,1963,1.28168E+11
United States,1964,1.31432E+11
United States,1965,1.34832E+11
United States,1966,1.38403E+11
United States,1967,1.42109E+11
United States,1968,1.4595E+11
United States,1969,1.49985E+11
United States,1970,1.54325E+11
United States,1971,1.5869E+11
United States,1972,1.63263E+11
United States,1973,1.68048E+11
United States,1974,1.72669E+11
United States,1975,1.77147E+11
United States,1976,1.81895E+11
United States,1977,1.86785E+11
United States,1978,1.91726E+11
United States,1979,1.96735E+11
United States,1980,2.01543E+11
United States,1981,2.0623E+11
United States,1982,2.10677E+11
United States,1983,2.15106E+11
United States,1984,2.19768E+11
United States,1985,2.24421E+11
United States,1986,2.29084E+11
United States,1987,2.3391E+11
United States,1988,2.3896E+11
United States,1989,2.44093E+11
United States,1990,2.49215E+11
United States,1991,2.5428E+11
United States,1992,2.59455E+11
United States,1993,2.6473E+11
United States,1994,2.70095E+11
United States,1995,2.75523E+11
United States,1996,2.81139E+11
United States,1997,2.86831E+11
United States,1998,2.92568E+11
United States,1999,2.98379E+11
United States,2000,3.04395E+11
United States,2001,3.10307E+11
United States,2002,3.1626E+11
United States,2003,3.22276E+11
United States,2004,3.28394E+11
United States,2005,3.34531E+11
United States,2006,3.40588E+11
United States,2007,3.46724E+11
United States,2008,3.52643E+11
United States,2009,3.58125E+11
United States,2010,3.63807E+11
United States,2011,3.69354E+11
United States,2012,3.74699E+11
United States,2013,3.8018E+11
United States,2014,3.85709E+11
United States,2015,3.91085E+11
United States,2016,3.96337E+11
United States,2017,4.01548E+11
United States,2018,4.06925E+11
United States,2019,4.12184E+11
United States,2020,4.169E+11
United States,2021,4.21907E+11
